{
    "person_age": {
        "count": 32581.0,
        "mean": 27.73459992019889,
        "std": 6.348078419225359,
        "min": 20.0,
        "25%": 23.0,
        "50%": 26.0,
        "75%": 30.0,
        "max": 144.0,
        "skewness": 2.5813925261849846,
        "kurtosis": 18.560824765312866,
        "5%": 22.0,
        "95%": 40.0,
        "missing_values": 0,
        "missing_percentage": 0.0,
        "distinct_count": 58,
        "distinct_percentage": 0.17801786317178722,
        "zero_values": 0,
        "zero_percentage": 0.0,
        "range": 124.0,
        "iqr": 7.0,
        "variance": 40.29809961663474,
        "sum": 903621.0,
        "most_frequent": {
            "23": 3889,
            "22": 3633,
            "24": 3549,
            "25": 3037,
            "26": 2477,
            "27": 2138,
            "28": 1854,
            "29": 1687,
            "30": 1316,
            "21": 1229,
            "31": 1142,
            "32": 964,
            "33": 856,
            "34": 709,
            "35": 620
        },
        "largest_values": {
            "144": 3,
            "123": 2,
            "94": 1,
            "84": 1,
            "80": 1,
            "78": 1,
            "76": 1,
            "73": 3,
            "70": 7,
            "69": 5,
            "67": 1,
            "66": 9,
            "65": 9,
            "64": 7,
            "63": 3
        },
        "smallest_values": {
            "20": 15,
            "21": 1229,
            "22": 3633,
            "23": 3889,
            "24": 3549,
            "25": 3037,
            "26": 2477,
            "27": 2138,
            "28": 1854,
            "29": 1687,
            "30": 1316,
            "31": 1142,
            "32": 964,
            "33": 856,
            "34": 709
        }
    },
    "person_income": {
        "count": 32581.0,
        "mean": 66074.84846996715,
        "std": 61983.11916815907,
        "min": 4000.0,
        "25%": 38500.0,
        "50%": 55000.0,
        "75%": 79200.0,
        "max": 6000000.0,
        "skewness": 32.865348833904434,
        "kurtosis": 2693.272775674123,
        "5%": 22880.0,
        "95%": 138000.0,
        "missing_values": 0,
        "missing_percentage": 0.0,
        "distinct_count": 4295,
        "distinct_percentage": 13.18252969522114,
        "zero_values": 0,
        "zero_percentage": 0.0,
        "range": 5996000.0,
        "iqr": 40700.0,
        "variance": 3841907061.8142085,
        "sum": 2152784638.0,
        "most_frequent": {
            "60000": 1046,
            "30000": 847,
            "50000": 778,
            "40000": 658,
            "45000": 590,
            "75000": 579,
            "48000": 532,
            "65000": 532,
            "70000": 527,
            "42000": 524,
            "36000": 518,
            "55000": 471,
            "80000": 448,
            "54000": 444,
            "35000": 409
        },
        "largest_values": {
            "6000000": 1,
            "2039784": 1,
            "1900000": 1,
            "1782000": 1,
            "1440000": 1,
            "1362000": 1,
            "1200000": 3,
            "948000": 1,
            "900000": 4,
            "889000": 1,
            "828000": 2,
            "800000": 1,
            "780000": 5,
            "762000": 2,
            "750000": 1
        },
        "smallest_values": {
            "4000": 1,
            "4080": 1,
            "4200": 2,
            "4800": 3,
            "4888": 1,
            "5000": 2,
            "5500": 1,
            "6000": 4,
            "7000": 1,
            "7200": 3,
            "7500": 1,
            "7800": 2,
            "7904": 1,
            "8000": 6,
            "8004": 1
        }
    },
    "person_home_ownership": {
        "missing_values": 0,
        "missing_percentage": 0.0,
        "distinct_count": 4,
        "values": 32581,
        "categories": {
            "RENT": 16446,
            "MORTGAGE": 13444,
            "OWN": 2584,
            "OTHER": 107
        }
    },
    "person_emp_length": {
        "count": 31686.0,
        "mean": 4.789686296787225,
        "std": 4.1426301488878625,
        "min": 0.0,
        "25%": 2.0,
        "50%": 4.0,
        "75%": 7.0,
        "max": 123.0,
        "skewness": 2.6144551214595424,
        "kurtosis": 43.722338216746564,
        "5%": 0.0,
        "95%": 13.0,
        "missing_values": 895,
        "missing_percentage": 2.7469997851508547,
        "distinct_count": 36,
        "distinct_percentage": 0.11049384610662656,
        "zero_values": 4105,
        "zero_percentage": 12.59936772965839,
        "range": 123.0,
        "iqr": 5.0,
        "variance": 17.161384550474676,
        "sum": 151766.0,
        "most_frequent": {
            "0.0": 4105,
            "2.0": 3849,
            "3.0": 3456,
            "5.0": 2946,
            "1.0": 2915,
            "4.0": 2874,
            "6.0": 2666,
            "7.0": 2196,
            "8.0": 1687,
            "9.0": 1367,
            "11.0": 740,
            "10.0": 696,
            "12.0": 575,
            "13.0": 426,
            "14.0": 335
        },
        "largest_values": {
            "123.0": 2,
            "41.0": 1,
            "38.0": 1,
            "34.0": 1,
            "31.0": 4,
            "30.0": 2,
            "29.0": 1,
            "28.0": 3,
            "27.0": 5,
            "26.0": 6,
            "25.0": 8,
            "24.0": 10,
            "23.0": 10,
            "22.0": 19,
            "21.0": 38
        },
        "smallest_values": {
            "0.0": 4105,
            "1.0": 2915,
            "2.0": 3849,
            "3.0": 3456,
            "4.0": 2874,
            "5.0": 2946,
            "6.0": 2666,
            "7.0": 2196,
            "8.0": 1687,
            "9.0": 1367,
            "10.0": 696,
            "11.0": 740,
            "12.0": 575,
            "13.0": 426,
            "14.0": 335
        }
    },
    "loan_intent": {
        "missing_values": 0,
        "missing_percentage": 0.0,
        "distinct_count": 6,
        "values": 32581,
        "categories": {
            "EDUCATION": 6453,
            "MEDICAL": 6071,
            "VENTURE": 5719,
            "PERSONAL": 5521,
            "DEBTCONSOLIDATION": 5212,
            "HOMEIMPROVEMENT": 3605
        }
    },
    "loan_grade": {
        "missing_values": 0,
        "missing_percentage": 0.0,
        "distinct_count": 7,
        "values": 32581,
        "categories": {
            "A": 10777,
            "B": 10451,
            "C": 6458,
            "D": 3626,
            "E": 964,
            "F": 241,
            "G": 64
        }
    },
    "loan_amnt": {
        "count": 32581.0,
        "mean": 9589.371105859243,
        "std": 6322.086645792259,
        "min": 500.0,
        "25%": 5000.0,
        "50%": 8000.0,
        "75%": 12200.0,
        "max": 35000.0,
        "skewness": 1.1924774277661998,
        "kurtosis": 1.4235653072764443,
        "5%": 2000.0,
        "95%": 24000.0,
        "missing_values": 0,
        "missing_percentage": 0.0,
        "distinct_count": 753,
        "distinct_percentage": 2.3111629477302724,
        "zero_values": 0,
        "zero_percentage": 0.0,
        "range": 34500.0,
        "iqr": 7200.0,
        "variance": 39968779.556904815,
        "sum": 312431300.0,
        "most_frequent": {
            "10000": 2664,
            "5000": 2043,
            "12000": 1809,
            "6000": 1801,
            "15000": 1502,
            "8000": 1445,
            "4000": 1066,
            "3000": 1035,
            "20000": 1016,
            "7000": 993,
            "25000": 808,
            "9000": 646,
            "2000": 550,
            "7500": 530,
            "16000": 490
        },
        "largest_values": {
            "35000": 185,
            "34800": 1,
            "34000": 4,
            "33950": 2,
            "33250": 1,
            "33000": 6,
            "32500": 1,
            "32400": 1,